id,subcorpus,native,language_background,level,words,sentences
1,RULEC,eng,HL,AM,431,22
3,RULEC,eng,HL,AM,245,17
5,RULEC,eng,FL,AM,472,22
6,RULEC,eng,FL,IH,319,24
7,RULEC,eng,HL,AL,44,2
8,RULEC,eng,HL,IM,96,4
9,RULEC,eng,HL,IH,107,7
10,RULEC,eng,HL,IM,95,5
11,RULEC,eng,HL,AL,34,1
12,RULEC,eng,HL,IH,149,11
13,RULEC,eng,FL,AL,136,8
14,RULEC,eng,HL,AL,81,4
15,RULEC,eng,FL,AL,185,12
16,RULEC,eng,FL,AM,414,23
17,RULEC,eng,HL,IH,549,40
18,RULEC,eng,HL,IH,225,16
19,RULEC,eng,HL,AL,299,18
22,RULEC,eng,HL,AL,45,5
23,RULEC,eng,FL,AL,574,34
24,RULEC,eng,FL,IH,137,10
25,RULEC,eng,HL,AM,46,5
26,RULEC,eng,FL,IM,50,4
27,RULEC,eng,HL,AL,16,1
28,RULEC,eng,FL,IM,136,9
30,RULEC,eng,HL,AL,32,3
31,RULEC,,,,87,5
32,RULEC,eng,FL,IH,167,11
33,RULEC,eng,FL,AM,58,4
34,RULEC,eng,HL,AL,189,7
35,RULEC,eng,FL,IM,82,5
36,RULEC,eng,HL,AM,241,9
37,RULEC,eng,HL,IH,160,12
38,RULEC,eng,FL,AL,472,29
39,RULEC,eng,FL,AL,479,33
40,RULEC,eng,FL,AM,92,5
41,RULEC,eng,FL,IH,402,19
42,RULEC,eng,FL,IH,36,4
43,RULEC,eng,HL,IM,55,6
44,RULEC,eng,FL,IM,329,29
45,RULEC,eng,HL,IH,148,7
46,RULEC,eng,HL,AM,42,3
47,RULEC,eng,HL,AL,242,12
48,RULEC,eng,FL,IH,54,3
49,RULEC,eng,HL,AL,166,13
50,RULEC,eng,HL,IH,150,8
51,RULEC,eng,HL,IM,22,3
52,RULEC,eng,FL,IH,196,18
53,RULEC,eng,FL,IM,285,19
55,RULEC,eng,HL,AM,537,25
56,RULEC,eng,FL,AL,215,10
58,RULEC,eng,FL,AM,291,16
59,RULEC,eng,HL,IM,75,7
60,RULEC,eng,FL,AL,109,6
61,RULEC,eng,HL,AL,86,5
62,RULEC,eng,HL,AM,503,20
63,RULEC,eng,FL,AL,43,5
64,RULEC,eng,FL,AM,149,9
65,RULEC,eng,HL,IH,34,5
66,RULEC,eng,HL,AL,95,5
67,RULEC,eng,FL,IH,214,19
68,RULEC,eng,FL,AL,131,9
69,RULEC,eng,HL,AM,412,29
70,RULEC,eng,FL,IM,95,4
71,RULEC,eng,HL,AL,146,9
72,RULEC,eng,FL,IH,308,13
73,RULEC,eng,FL,IH,74,6
74,RULEC,eng,FL,AM,173,5
75,RULEC,eng,FL,AL,278,12
77,RULEC,eng,HL,IH,50,3
78,RULEC,eng,HL,AL,235,11
79,RULEC,eng,FL,AL,53,3
81,RULEC,eng,HL,AL,116,8
82,RULEC,eng,FL,IH,87,4
83,RULEC,eng,FL,IH,8,1
84,RULEC,eng,FL,AL,96,12
85,RULEC,eng,FL,AL,388,21
86,RULEC,eng,HL,AM,192,8
87,RULEC,eng,FL,AL,61,6
88,RULEC,eng,FL,AL,110,3
89,RULEC,eng,FL,AL,97,11
90,RULEC,eng,HL,AM,198,12
91,RULEC,eng,HL,IH,55,4
266,RULEC,eng,HL,AL,311,15
269,RULEC,eng,HL,AM,95,7
270,RULEC,eng,FL,IM,342,17
272,RULEC,,,,159,5
273,RULEC,eng,HL,IH,334,20
274,RULEC,eng,HL,AL,82,1
275,RULEC,eng,FL,IH,48,1
276,RULEC,eng,FL,AM,582,23
277,RULEC,eng,HL,IH,81,5
278,RULEC,eng,FL,AL,109,13
280,RULEC,eng,HL,AM,392,16
281,RULEC,eng,FL,AM,35,3
282,RULEC,eng,HL,IH,89,4
283,RULEC,eng,FL,IH,412,18
284,RULEC,eng,FL,AM,431,26
285,RULEC,eng,HL,AM,82,8
286,RULEC,eng,FL,AL,80,4
287,RULEC,eng,FL,IH,315,24
288,RULEC,eng,HL,AL,73,3
289,RULEC,eng,FL,AL,1644,72
292,RULEC,eng,HL,AM,376,16
294,RULEC,eng,HL,AL,43,4
295,RULEC,eng,FL,AL,54,5
296,RULEC,eng,HL,AM,2650,179
297,RULEC,eng,FL,IH,107,6
298,RULEC,eng,HL,AL,548,35
299,RULEC,eng,FL,IH,5,1
300,RULEC,eng,HL,AM,227,12
301,RULEC,eng,HL,IH,124,13
302,RULEC,eng,HL,IH,288,19
303,RULEC,,,,216,7
304,RULEC,eng,HL,AL,200,15
305,RULEC,eng,HL,AL,121,7
307,RULEC,eng,HL,AL,182,12
308,RULEC,eng,FL,IH,111,7
309,RULEC,eng,HL,IH,125,5
310,RULEC,eng,FL,AL,261,14
311,RULEC,eng,FL,IM,83,5
313,RULEC,eng,FL,IH,41,1
314,RULEC,eng,HL,AL,119,7
316,RULEC,eng,HL,AL,659,32
317,RULEC,eng,HL,AM,66,3
318,RULEC,eng,HL,AL,30,4
319,RULEC,eng,HL,IH,167,11
320,RULEC,eng,HL,IM,157,14
321,RULEC,eng,HL,IH,51,3
322,RULEC,eng,FL,IM,56,3
324,RULEC,eng,FL,AM,593,25
325,RULEC,eng,HL,IM,216,11
327,RULEC,eng,FL,AM,691,36
328,RULEC,eng,HL,AL,164,11
331,RULEC,eng,HL,AM,53,4
334,RULEC,eng,HL,AM,58,3
337,RULEC,eng,FL,AL,17,2
338,RULEC,eng,FL,IH,63,5
342,RULEC,eng,FL,AL,102,6
343,RULEC,eng,HL,IM,218,17
352,RULEC,eng,HL,AL,78,3
353,RULEC,eng,FL,AL,101,4
357,RULEC,eng,HL,IM,255,12
358,RULEC,,,,47,2
364,RULEC,eng,HL,IM,84,4
368,RULEC,eng,FL,IH,162,10
373,RULEC,eng,FL,AM,64,5
374,RULEC,eng,FL,AL,17,1
380,RULEC,eng,HL,AL,31,1
381,RULEC,eng,HL,IM,98,4
382,RULEC,eng,HL,AL,40,3
384,RULEC,eng,FL,IH,9,1
386,RULEC,eng,FL,AL,103,9
387,RULEC,eng,FL,IM,14,1
390,RULEC,eng,FL,IH,30,2
391,RULEC,eng,FL,AL,49,3
393,RULEC,,,,121,10
395,RULEC,eng,HL,IH,67,4
398,RULEC,eng,HL,AM,198,10
405,RULEC,eng,FL,AL,111,8
413,RULEC,,,,84,4
416,RULEC,eng,HL,AM,58,4
417,RULEC,eng,HL,AL,140,10
421,RULEC,eng,FL,AL,35,4
426,RULEC,eng,HL,AM,56,2
428,RULEC,eng,FL,AL,52,2
432,RULEC,eng,FL,IH,271,12
442,RULEC,eng,FL,IH,51,3
446,RULEC,eng,HL,IM,80,3
678,RULEC,eng,FL,IM,83,8
680,RULEC,eng,HL,AM,197,12
681,RULEC,eng,FL,AL,234,8
682,RULEC,eng,FL,IH,110,6
683,RULEC,eng,FL,IM,170,15
684,RULEC,eng,FL,AL,321,18
685,RULEC,eng,FL,AL,64,6
686,RULEC,eng,HL,AM,164,13
687,RULEC,eng,HL,IH,115,7
689,RULEC,eng,HL,AM,163,9
691,RULEC,eng,HL,AL,114,7
692,RULEC,eng,FL,IM,461,36
693,RULEC,eng,HL,AM,98,6
694,RULEC,eng,FL,AL,304,21
695,RULEC,eng,HL,AL,284,12
697,RULEC,eng,FL,IH,84,5
698,RULEC,eng,HL,AL,204,14
699,RULEC,eng,FL,AM,33,2
700,RULEC,eng,HL,AM,155,10
701,RULEC,eng,HL,AM,130,5
703,RULEC,eng,HL,IH,204,15
705,RULEC,eng,FL,AL,143,17
707,RULEC,eng,FL,AL,7,1
710,RULEC,eng,HL,IM,436,55
713,RULEC,eng,HL,IH,104,8
714,RULEC,eng,FL,AL,18,1
715,RULEC,eng,HL,AM,72,5
716,RULEC,eng,HL,IH,38,2
717,RULEC,eng,HL,AL,1050,68
718,RULEC,eng,HL,AL,26,2
725,RULEC,eng,HL,AL,42,5
732,RULEC,eng,FL,AM,183,8
941,RULEC,eng,HL,IH,167,10
947,RULEC,eng,FL,IM,56,9
948,RULEC,eng,FL,AL,312,16
949,RULEC,eng,HL,IH,102,6
952,RULEC,,,,37,4
961,RULEC,eng,FL,IH,222,17
965,RULEC,eng,FL,IH,327,24
977,RULEC,eng,FL,IH,128,9
984,RULEC,eng,HL,AM,146,6
986,RULEC,eng,FL,AL,190,14
993,RULEC,eng,HL,AL,762,50
995,RULEC,eng,FL,IH,77,5
999,RULEC,eng,FL,IM,107,6
1000,RULEC,eng,HL,AL,82,5
1001,RULEC,eng,FL,AL,436,20
1002,RULEC,eng,FL,AL,51,4
1003,RULEC,eng,HL,AL,248,14
1004,RULEC,eng,HL,AL,305,14
1005,RULEC,eng,HL,AL,300,18
1007,RULEC,eng,FL,IH,238,17
1008,RULEC,eng,FL,IH,49,3
1009,RULEC,eng,HL,AM,41,2
1010,RULEC,eng,FL,AL,298,37
1011,RULEC,eng,FL,AM,154,5
1012,RULEC,eng,FL,IH,198,13
1013,RULEC,eng,HL,IH,40,3
1014,RULEC,eng,HL,AM,180,11
1015,RULEC,eng,FL,AL,495,26
1017,RULEC,eng,FL,IH,35,3
1019,RULEC,eng,HL,AM,5,1
1020,RULEC,eng,FL,AL,57,4
1021,RULEC,eng,FL,AL,162,6
1022,RULEC,eng,HL,IH,250,16
1024,RULEC,eng,HL,AL,84,8
1025,RULEC,eng,FL,AL,257,15
1027,RULEC,eng,HL,AL,495,26
1028,RULEC,eng,FL,AM,103,5
1029,RULEC,eng,HL,AL,89,6
1030,RULEC,eng,FL,AL,37,2
1031,RULEC,eng,HL,AL,41,2
1032,RULEC,eng,HL,AM,64,5
1033,RULEC,eng,FL,AL,90,6
1035,RULEC,eng,FL,AL,401,18
1036,RULEC,eng,HL,AL,100,4
1037,RULEC,eng,FL,AL,128,7
1038,RULEC,eng,HL,AL,110,4
1039,RULEC,eng,HL,IM,88,3
1040,RULEC,eng,FL,AL,311,15
1041,RULEC,eng,FL,IM,20,1
1042,RULEC,eng,FL,IH,26,1
1043,RULEC,eng,HL,IH,122,5
1044,RULEC,eng,HL,AL,2187,104
1045,RULEC,eng,HL,AL,147,8
1046,RULEC,eng,HL,AM,294,21
1047,RULEC,eng,FL,AL,84,6
1048,RULEC,eng,FL,IM,71,4
1049,RULEC,eng,FL,AM,70,3
1050,RULEC,eng,FL,IH,664,66
1051,RULEC,eng,FL,IH,62,3
1052,RULEC,eng,HL,AM,337,16
1054,RULEC,eng,HL,IH,2173,124
1056,RULEC,eng,FL,AM,282,18
1057,RULEC,eng,HL,AL,92,5
1059,RULEC,eng,FL,IM,35,2
1061,RULEC,eng,FL,IH,61,4
1063,RULEC,eng,FL,AL,484,29
1064,RULEC,eng,HL,IM,24,5
1065,RULEC,eng,FL,IH,184,11
1067,RULEC,eng,FL,AL,374,13
1068,RULEC,eng,HL,IH,109,6
1069,RULEC,eng,HL,AL,147,10
1070,RULEC,eng,HL,AM,234,11
1071,RULEC,eng,FL,IM,356,32
1072,RULEC,eng,HL,IM,278,21
1073,RULEC,eng,HL,IH,146,13
1075,RULEC,eng,HL,AM,828,43
1077,RULEC,eng,FL,AM,31,2
1079,RULEC,,,,43,1
1080,RULEC,eng,HL,IM,123,8
1081,RULEC,eng,HL,IH,99,5
1082,RULEC,eng,HL,IM,218,26
1084,RULEC,eng,FL,AM,298,17
1085,RULEC,eng,HL,AM,39,2
1087,RULEC,eng,FL,AL,355,26
1088,RULEC,eng,HL,AL,303,24
1089,RULEC,eng,FL,IM,81,6
1090,RULEC,eng,FL,IH,71,10
1091,RULEC,eng,FL,AL,234,11
1092,RULEC,eng,FL,AL,148,6
1094,RULEC,eng,HL,AM,189,9
1095,RULEC,eng,FL,AL,21,1
1096,RULEC,eng,HL,IH,112,11
1097,RULEC,eng,HL,IH,59,3
1098,RULEC,eng,FL,AL,105,6
1099,RULEC,eng,HL,AM,232,12
1100,RULEC,,,,173,10
1101,RULEC,eng,HL,IH,253,17
1102,RULEC,eng,HL,AL,430,29
1103,RULEC,eng,HL,AL,119,8
1104,RULEC,eng,FL,AL,85,6
1105,RULEC,eng,HL,AL,40,2
1106,RULEC,eng,HL,AL,11,1
1107,RULEC,eng,FL,IM,58,5
1108,RULEC,eng,FL,AL,123,8
1109,RULEC,eng,FL,AL,150,4
1111,RULEC,eng,HL,IM,246,12
1113,RULEC,eng,HL,AL,209,14
1114,RULEC,eng,FL,AL,174,9
1116,RULEC,eng,HL,IH,132,6
1117,RULEC,eng,HL,AM,27,2
1118,RULEC,eng,FL,AM,120,11
1119,RULEC,eng,FL,AL,1384,74
1120,RULEC,eng,HL,IM,94,5
1121,RULEC,eng,HL,AL,46,3
1122,RULEC,eng,FL,AL,550,35
1123,RULEC,eng,HL,AL,134,10
1124,RULEC,eng,HL,AM,177,6
1125,RULEC,eng,FL,IH,24,3
1126,RULEC,eng,FL,AM,188,8
1127,RULEC,eng,FL,IH,39,3
1128,RULEC,eng,HL,AM,169,13
1129,RULEC,eng,HL,AL,123,10
1130,RULEC,eng,HL,AL,106,6
1131,RULEC,eng,FL,AL,232,10
1132,RULEC,eng,FL,AM,445,40
1133,RULEC,eng,FL,IH,291,17
1134,RULEC,eng,HL,AL,593,44
1137,RULEC,eng,HL,AL,74,4
1138,RULEC,eng,HL,IH,40,2
1139,RULEC,eng,FL,AL,44,2
1140,RULEC,eng,FL,IM,21,1
1141,RULEC,eng,HL,AL,1736,85
1142,RULEC,eng,FL,AL,99,1
1143,RULEC,eng,HL,AL,67,5
1144,RULEC,eng,FL,IH,54,3
1145,RULEC,eng,HL,AL,67,6
1146,RULEC,eng,HL,AL,50,6
1147,RULEC,eng,FL,IH,110,8
1148,RULEC,eng,HL,IH,140,10
1149,RULEC,eng,FL,IH,35,2
1152,RULEC,eng,HL,AL,121,18
1154,RULEC,eng,HL,AL,127,6
1155,RULEC,eng,HL,IH,152,8
1156,RULEC,eng,HL,AM,186,18
1157,RULEC,eng,FL,AL,35,4
1158,RULEC,eng,HL,AL,186,8
1159,RULEC,eng,FL,IH,23,2
1160,RULEC,eng,FL,IH,239,13
1161,RULEC,eng,HL,IH,121,6
1162,RULEC,eng,HL,AM,253,12
1163,RULEC,eng,FL,AM,380,15
1164,RULEC,eng,HL,AL,330,23
1167,RULEC,eng,FL,IH,293,16
1168,RULEC,eng,HL,AL,39,3
1169,RULEC,eng,HL,AL,9,1
1170,RULEC,eng,HL,AL,239,12
1171,RULEC,eng,HL,AM,109,6
1172,RULEC,eng,FL,IH,70,3
1173,RULEC,eng,HL,AM,340,16
1176,RULEC,eng,FL,IM,59,5
1177,RULEC,,,,1285,80
1178,RULEC,eng,FL,AL,159,10
1180,RULEC,eng,FL,AL,243,12
1181,RULEC,eng,FL,IH,41,3
1182,RULEC,eng,HL,AM,276,15
1183,RULEC,eng,HL,AM,66,4
1184,RULEC,eng,FL,IM,57,4
1185,RULEC,eng,FL,IM,986,55
1186,RULEC,eng,FL,IH,221,10
1187,RULEC,eng,FL,IH,193,15
1188,RULEC,eng,FL,IM,273,22
1189,RULEC,eng,HL,AL,334,25
1190,RULEC,eng,HL,AM,43,3
1191,RULEC,eng,HL,AL,155,12
1193,RULEC,eng,HL,IM,159,14
1194,RULEC,eng,HL,AM,207,8
1195,RULEC,eng,HL,IM,41,2
1196,RULEC,eng,HL,AL,143,10
1197,RULEC,eng,HL,AM,84,7
1198,RULEC,eng,FL,AL,693,51
1199,RULEC,eng,FL,IH,148,13
1200,RULEC,eng,HL,IH,57,3
1201,RULEC,eng,FL,IH,78,5
1202,RULEC,eng,HL,AL,229,13
1203,RULEC,eng,HL,AM,449,21
1204,RULEC,eng,FL,IH,332,24
1205,RULEC,eng,HL,AL,130,6
1206,RULEC,eng,HL,AL,242,18
1207,RULEC,eng,FL,IH,28,1
1208,RULEC,eng,HL,AM,215,22
1209,RULEC,eng,FL,IM,1443,88
1210,RULEC,eng,FL,AL,243,14
1211,RULEC,eng,FL,IH,201,10
1212,RULEC,eng,FL,AL,312,16
1213,RULEC,eng,FL,IM,363,28
1214,RULEC,eng,HL,AM,368,18
1215,RULEC,eng,HL,AL,221,14
1216,RULEC,eng,FL,IH,96,7
1217,RULEC,eng,HL,AL,1066,62
1218,RULEC,eng,FL,AL,180,8
1220,RULEC,eng,FL,IH,34,1
1221,RULEC,eng,FL,IH,112,10
1223,RULEC,,,,266,18
1224,RULEC,eng,FL,IH,233,14
1225,RULEC,eng,HL,IH,267,15
1226,RULEC,eng,FL,IH,93,7
1227,RULEC,eng,FL,AL,81,10
1228,RULEC,eng,HL,IH,106,7
1229,RULEC,eng,FL,AL,60,2
1230,RULEC,eng,FL,AM,234,11
1233,RULEC,eng,HL,IH,16,2
1234,RULEC,,,,85,6
1235,,,FL,IH,341,21
1236,RULEC,eng,FL,IM,1554,69
1237,RULEC,eng,HL,AM,106,6
1238,RULEC,,,,299,20
1239,RULEC,eng,HL,AL,14,2
1240,RULEC,eng,FL,AL,487,30
1241,RULEC,eng,FL,AL,35,4
1242,RULEC,eng,HL,AL,135,10
1243,RULEC,eng,HL,IH,90,3
1245,RULEC,eng,HL,AL,88,4
1246,RULEC,eng,FL,AL,124,6
1248,RULEC,eng,FL,IH,109,9
1249,RULEC,eng,FL,AM,313,15
1250,RULEC,eng,HL,AL,44,3
1251,RULEC,eng,HL,IM,186,17
1253,RULEC,eng,HL,AL,23,2
1254,RULEC,eng,HL,IH,32,1
1255,RULEC,eng,HL,IH,248,17
1256,RULEC,eng,FL,IH,587,38
1257,RULEC,eng,FL,AL,113,6
1258,RULEC,eng,HL,AH,176,9
1259,RULEC,eng,HL,IH,130,6
1260,RULEC,eng,HL,AM,146,33
1261,RULEC,eng,HL,AL,10,2
1262,RULEC,eng,FL,IH,215,9
1263,RULEC,eng,FL,IM,237,15
1264,RULEC,eng,FL,IH,114,4
1266,RULEC,eng,FL,AM,131,28
1267,RULEC,eng,FL,IH,2298,115
1268,RULEC,eng,FL,AL,185,11
1269,RULEC,eng,FL,AL,340,23
1270,RULEC,eng,HL,IH,52,2
1271,RULEC,eng,FL,IH,109,7
1274,RULEC,eng,HL,AL,213,12
1275,RULEC,eng,FL,IH,142,8
1276,RULEC,eng,HL,IM,87,4
1277,RULEC,eng,FL,AL,103,6
1278,RULEC,eng,FL,IM,12,1
1279,RULEC,eng,FL,AL,179,11
1280,RULEC,eng,HL,IH,101,9
1283,RULEC,eng,FL,AM,303,18
1284,RULEC,eng,HL,AL,198,14
1285,RULEC,eng,FL,IH,144,7
1287,RULEC,eng,FL,IM,58,4
1288,RULEC,eng,HL,AM,225,4
1289,RULEC,eng,FL,AL,569,38
1290,RULEC,eng,FL,IM,123,6
1291,RULEC,eng,HL,AL,36,3
1292,RULEC,eng,FL,IM,35,2
1296,RULEC,eng,FL,AL,193,7
1297,RULEC,eng,HL,AM,497,26
1298,RULEC,eng,HL,AM,117,6
1299,RULEC,eng,FL,AL,168,10
1300,RULEC,eng,FL,IM,156,9
1303,RULEC,eng,HL,AL,187,10
1304,RULEC,eng,HL,AL,110,5
1305,RULEC,eng,FL,IM,85,4
1306,RULEC,eng,HL,IM,724,52
1307,RULEC,eng,HL,AM,90,5
1308,RULEC,eng,FL,IH,77,6
1309,RULEC,eng,HL,AL,116,7
1310,RULEC,eng,FL,IH,44,2
1311,RULEC,eng,FL,AM,29,1
1312,RULEC,eng,HL,IM,144,9
1313,RULEC,eng,HL,AL,11,1
1314,RULEC,eng,HL,IH,684,44
1315,RULEC,eng,FL,AL,9,1
1316,RULEC,eng,FL,AL,1979,133
1317,RULEC,eng,FL,AL,68,5
1319,RULEC,eng,FL,AL,33,1
1320,RULEC,eng,FL,IH,339,20
1321,RULEC,eng,HL,AM,152,8
1322,RULEC,eng,FL,IH,293,13
1323,RULEC,eng,HL,AL,401,26
1324,RULEC,eng,HL,IH,89,5
1326,RULEC,eng,HL,AL,106,7
1327,RULEC,eng,FL,IH,46,2
1328,RULEC,eng,FL,IH,21,1
1329,RULEC,eng,HL,AL,231,15
1330,RULEC,eng,HL,IH,100,5
1331,RULEC,eng,HL,AL,457,31
1332,RULEC,eng,FL,AM,376,21
1333,RULEC,eng,HL,AM,120,7
1334,RULEC,eng,HL,AL,167,9
1335,RULEC,eng,HL,AM,625,45
1336,RULEC,eng,FL,IH,98,6
1337,RULEC,eng,HL,IH,75,7
1338,RULEC,eng,FL,IM,328,21
1339,RULEC,eng,HL,AL,180,8
1341,RULEC,eng,FL,IH,72,2
1342,RULEC,eng,FL,IH,137,10
1343,RULEC,eng,FL,AM,2297,119
1344,RULEC,eng,HL,AM,39,3
1345,RULEC,eng,HL,IH,78,6
1347,RULEC,eng,HL,AL,185,11
1348,RULEC,eng,FL,IM,52,3
1349,RULEC,eng,HL,AM,111,4
1350,RULEC,eng,HL,AM,336,17
1351,RULEC,eng,FL,IH,74,4
1354,RULEC,eng,FL,IH,142,9
1355,RULEC,eng,HL,AM,235,8
1356,RULEC,eng,FL,IH,394,21
1357,RULEC,eng,HL,AL,221,16
1358,RULEC,eng,HL,IH,293,19
1359,RULEC,eng,HL,IH,314,23
1360,RULEC,eng,HL,IH,2620,144
1366,RULEC,eng,FL,AL,826,53
1367,RULEC,eng,FL,AL,211,13
1368,RULEC,eng,FL,IM,172,14
1369,RULEC,eng,HL,IH,164,12
1371,RULEC,eng,FL,IH,63,3
1372,RULEC,eng,FL,AL,14,1
1373,RULEC,eng,HL,AL,1009,50
1374,RULEC,eng,HL,AM,53,5
1375,RULEC,eng,FL,AL,73,5
1377,RULEC,eng,HL,IH,107,5
1378,RULEC,eng,HL,AL,112,7
1380,RULEC,eng,FL,IM,37,3
1381,RULEC,eng,HL,AM,308,15
1383,RULEC,eng,FL,IH,68,5
1384,RULEC,eng,HL,AL,105,6
1386,RULEC,eng,FL,AM,121,7
1387,RULEC,eng,HL,AM,109,5
1388,RULEC,,,,182,7
1389,RULEC,eng,FL,AL,87,5
1390,RULEC,eng,HL,AM,234,11
1391,RULEC,eng,FL,AL,1220,52
1392,RULEC,eng,FL,AM,71,2
1393,RULEC,eng,FL,AL,175,14
1395,RULEC,eng,FL,AL,93,8
1396,RULEC,eng,HL,AL,156,8
1397,RULEC,eng,HL,AH,162,8
1398,RULEC,eng,HL,AM,431,18
1401,RULEC,eng,HL,AL,46,3
1402,RULEC,eng,HL,AL,476,26
1403,RULEC,eng,FL,IM,140,8
1404,RULEC,,,,178,8
1405,RULEC,eng,FL,AL,270,17
1406,RULEC,eng,HL,AL,42,2
1407,RULEC,eng,HL,AL,35,3
1408,RULEC,eng,FL,IH,107,6
1409,RULEC,eng,FL,IM,156,9
1410,RULEC,eng,HL,IH,58,4
1411,RULEC,eng,FL,AM,477,18
1412,RULEC,eng,FL,IM,61,4
1414,RULEC,eng,HL,IH,114,8
1415,RULEC,eng,HL,IH,51,3
1416,RULEC,eng,HL,IH,747,36
1417,RULEC,eng,HL,AM,182,11
1418,RULEC,eng,HL,AL,68,6
1419,RULEC,eng,HL,IH,523,32
1420,RULEC,eng,HL,AM,294,15
1422,RULEC,eng,HL,AM,255,13
1423,RULEC,eng,FL,IH,157,13
1424,RULEC,eng,HL,AL,289,18
1425,RULEC,eng,HL,AM,217,10
1426,RULEC,eng,FL,AL,73,3
1427,RULEC,eng,FL,IM,239,11
1428,RULEC,eng,HL,AL,316,21
1431,RULEC,eng,HL,AL,85,5
1432,RULEC,eng,HL,AL,131,8
1433,RULEC,eng,HL,AL,44,2
1434,RULEC,eng,HL,AM,42,4
1435,RULEC,eng,HL,AL,105,7
1436,RULEC,eng,HL,IH,138,9
1437,RULEC,eng,HL,AM,144,6
1438,RULEC,eng,FL,AL,130,14
1439,RULEC,eng,HL,AM,245,10
1440,RULEC,eng,HL,AM,218,10
1442,RULEC,eng,FL,AM,98,6
1443,RULEC,eng,HL,AM,175,7
1444,RULEC,eng,HL,AM,170,10
1445,RULEC,eng,HL,AH,169,12
1446,RULEC,eng,HL,AM,438,21
1447,RULEC,eng,FL,AM,296,20
1448,RULEC,eng,HL,IH,251,10
1449,RULEC,eng,FL,AM,222,11
1451,RULEC,eng,HL,AL,129,6
1452,RULEC,eng,HL,AL,466,29
1453,RULEC,eng,HL,AL,319,18
1454,RULEC,eng,HL,AL,69,7
1455,RULEC,eng,FL,AL,49,3
1457,RULEC,eng,HL,AL,83,8
1460,RULEC,eng,HL,AM,773,51
1461,RULEC,eng,HL,IM,69,3
1462,RULEC,eng,FL,AL,130,10
1463,RULEC,eng,FL,AL,20,1
1464,RULEC,eng,HL,AM,160,9
1465,RULEC,eng,FL,IH,360,22
1466,RULEC,eng,FL,IH,959,45
1467,RULEC,eng,FL,AL,53,5
1468,RULEC,eng,FL,AL,106,7
1469,RULEC,eng,HL,AL,462,20
1470,RULEC,eng,HL,IM,159,12
1471,RULEC,eng,FL,AM,800,33
1472,RULEC,eng,HL,AM,116,6
1473,RULEC,eng,HL,AM,167,9
1474,RULEC,eng,FL,AL,276,19
1475,RULEC,eng,HL,AM,178,8
1476,RULEC,eng,HL,IH,127,6
1477,RULEC,eng,FL,AL,327,20
1478,RULEC,eng,HL,IH,93,8
1480,RULEC,eng,HL,AM,237,15
1481,RULEC,eng,HL,AM,181,8
1482,RULEC,eng,HL,AM,182,8
1483,RULEC,eng,HL,AL,35,1
1484,RULEC,eng,HL,IH,147,7
1485,RULEC,,,,38,3
1486,RULEC,eng,HL,AM,294,19
1490,RULEC,,,,305,21
1500,RULEC,eng,FL,AM,253,18
1504,RULEC,eng,FL,IM,70,4
1522,RULEC,eng,HL,AL,217,12
1527,RULEC,eng,HL,AM,454,28
1531,RULEC,eng,HL,AL,71,8
1533,RULEC,eng,HL,IH,359,23
1537,RULEC,,,,199,14
1540,RULEC,,,,485,22
1542,RULEC,eng,HL,AL,316,18
1552,RULEC,eng,HL,IH,206,16
1553,RULEC,eng,HL,AL,533,34
1566,RULEC,eng,HL,AL,329,15
1567,RULEC,eng,FL,AL,200,16
1570,RULEC,eng,HL,IH,72,4
1571,RULEC,,,,110,3
1577,RULEC,eng,FL,AM,391,26
1580,RULEC,eng,HL,AL,139,8
5662,,chi,FL,IM,222,15
5663,,chi,FL,IM,170,18
5664,,chi,FL,IM,180,20
5665,,chi,FL,IM,215,16
5667,HSE,eng,FL,IH,298,18
5669,HSE,eng,FL,IH,327,16
5670,HSE,eng,FL,IH,429,28
5671,HSE,eng,FL,IH,561,41
5672,HSE,eng,FL,IH,556,28
5673,HSE,eng,FL,IH,584,29
5675,HSE,eng,FL,IH,253,15
5722,HSE,eng,FL,AM,715,39
5723,HSE,eng,FL,AM,625,37
5724,HSE,kaz,HL,IM,149,6
5728,HSE,eng,FL,AM,500,24
5730,HSE,eng,FL,AL,413,19
5731,HSE,eng,FL,AL,413,18
5732,HSE,eng,FL,AL,466,12
5733,HSE,eng,FL,IH,662,26
5735,HSE,eng,FL,IH,597,22
5737,HSE,kaz,HL,IM,255,5
5738,HSE,kaz,HL,IM,330,12
5739,HSE,kaz,HL,IH,69,4
5740,HSE,eng,FL,IH,499,29
5741,HSE,eng,FL,IH,416,29
5742,HSE,eng,FL,IH,257,18
5743,HSE,eng,FL,IH,252,20
5744,HSE,eng,FL,IH,271,18
5745,HSE,eng,FL,IH,315,18
5746,HSE,eng,FL,IH,244,21
5747,HSE,eng,HL,IH,244,18
5748,HSE,eng,FL,IH,163,11
5749,HSE,eng,FL,IH,146,12
5750,HSE,eng,FL,IH,410,26
5751,HSE,eng,FL,IH,251,13
5752,HSE,eng,FL,IH,249,13
5753,HSE,eng,FL,IH,260,18
5754,HSE,eng,FL,IH,571,27
5756,HSE,eng,FL,IH,583,23
5758,HSE,eng,FL,IH,507,22
5760,HSE,eng,FL,IM,524,23
5762,HSE,eng,FL,IM,511,21
5763,HSE,eng,FL,IM,423,19
5795,,fr,FL,A1,55,4
5796,,fr,FL,A1,82,6
5797,,fr,FL,A1,65,8
5798,,fr,FL,A1,57,7
5799,,fr,FL,A1,35,6
5800,,fr,FL,A1,79,9
5801,,fr,FL,A1,75,11
5802,,fr,FL,A1,82,9
5803,,fr,FL,A2,91,8
5804,,fr,FL,A1,73,8
5805,,fr,FL,A1,65,18
5806,,fr,FL,B1,63,7
5807,,fr,FL,B1,150,16
5808,,fr,FL,B1,219,10
5809,,fr,FL,A2,144,11
5810,,fr,FL,A2,147,9
5811,,fr,FL,A2,122,14
5814,,fr,FL,A2,121,12
5815,,fr,FL,A2,108,11
5818,,fr,FL,A2,118,13
5819,,fr,FL,B1,169,11
5820,,fr,FL,B1,81,10
5827,HSE,kaz,HL,IM,81,7
5828,HSE,kaz,HL,IL,102,7
5829,HSE,kaz,HL,IL,75,4
5845,HSE,ita,FL,AM,103,8
5846,HSE,ger,FL,AH,645,34
5850,HSE,ita,FL,B1,324,17
5852,HSE,ita,FL,B1,1035,57
5854,HSE,ger,FL,B1,308,13
5856,HSE,ger,FL,B1,111,13
5860,HSE,ger,FL,B1,226,7
5861,HSE,ger,FL,B1,137,9
5862,HSE,ger,FL,B1,67,2
5864,HSE,ger,FL,B1,154,8
5865,HSE,ger,FL,B1,175,18
5873,HSE,nor,FL,B1,716,74
5876,HSE,kaz,HL,IL,143,12
5882,HSE,eng,FL,Other,469,31
5886,,fr,FL,A2,84,11
5887,,fr,FL,A2,71,8
5888,,fr,FL,A2,62,9
5889,,fr,FL,A2,79,8
5890,,fr,FL,A2,100,9
5891,,fr,FL,A2,169,18
5892,,fr,FL,A2,94,9
5893,,fr,FL,A2,75,8
5894,,fr,FL,A2,76,9
5895,,fr,FL,A2,90,8
5896,,fr,FL,A2,116,11
5897,,fr,FL,A2,104,10
5898,,fr,FL,A2,110,10
5899,,fr,FL,A2,51,5
5900,,fr,FL,A2,113,7
5901,,fr,FL,A2,86,10
5904,,fr,FL,A2,53,6
5905,,fr,FL,A2,67,7
5906,,fr,FL,A2,55,4
5907,,fr,FL,A2,95,13
5908,,fr,FL,A2,81,8
5909,,fr,FL,A2,119,9
5910,,fr,FL,A2,75,5
5911,,fr,FL,A2,84,9
5913,,fr,FL,A2,35,4
5914,,fr,FL,A2,91,9
5915,,fr,FL,A2,148,14
5916,,fr,FL,A2,74,8
5917,,fr,FL,A2,24,2
5918,,fr,FL,A2,10,1
5919,,fr,FL,A2,96,9
5920,,fr,FL,A2,25,1
5921,,fr,FL,A2,26,3
5922,,fr,FL,A2,24,2
5923,,fr,FL,A2,34,2
5924,,fr,FL,A2,31,2
5926,,fr,FL,A2,23,2
5927,,fr,FL,A2,33,1
5928,,fr,FL,A2,34,2
5929,,fr,FL,A2,29,3
5930,,fr,FL,A2,59,6
5931,,fr,FL,A2,34,1
5932,,fr,FL,A2,28,2
5933,,fr,FL,A2,36,2
5934,,fr,FL,A2,98,4
5935,,fr,FL,A2,164,13
5936,,fr,FL,A2,206,10
5937,,fr,FL,A2,213,14
5938,,fr,FL,A2,244,18
5939,,fr,FL,A2,445,43
5940,,fr,FL,B1,221,20
5942,,fr,FL,B1,264,18
5943,,fr,FL,B1,282,28
5944,,fr,FL,B1,200,10
5945,,fr,FL,B1,212,18
5946,,fr,FL,B1,464,23
5947,,fr,FL,B2,339,22
5951,,fr,FL,B2,335,24
5952,,fr,FL,B2,354,21
5953,,fr,FL,B2,105,6
5954,,fr,FL,B2,213,11
5955,,fr,FL,B2,43,3
5956,,fr,FL,B2,65,5
5957,,fr,FL,B2,75,6
5958,,fr,FL,B2,70,8
5959,,fr,FL,B2,174,12
5960,,fr,FL,B2,126,9
6280,,fr,FL,B1,92,14
6281,,fr,FL,B2,149,16
6294,,fr,FL,A2,146,11
6296,,fr,HL,B2,110,7
6297,,fr,FL,A2,65,7
6301,RULEC,eng,FL,AM,2317,113
6311,,fr,FL,A1,92,19
6313,,fr,FL,A1,78,15
6317,,fr,FL,A1,49,9
6322,,fr,FL,B1,30,2
6335,,fr,FL,A1,62,1
6370,,fr,FL,A2,117,10
6371,,fr,FL,A2,179,13
6372,,fr,FL,A2,120,13
6373,,fr,FL,A2,151,15
6374,,fr,FL,A2,155,9
6375,,fr,FL,A2,146,17
6376,,fr,FL,A2,150,14
6377,,fr,FL,A2,112,13
6378,,fr,FL,A2,105,13
6379,,fr,FL,A2,157,17
6380,,fr,FL,A2,97,10
6381,,fr,FL,A2,155,16
6382,,fr,FL,A2,133,15
6383,,fr,FL,A2,133,12
6384,,fr,FL,A2,145,15
6385,,fr,FL,B1,45,3
6386,,fr,FL,B1,109,5
6387,,fr,FL,B1,82,8
6388,,fr,FL,B1,90,6
6389,,fr,FL,A2,89,7
6394,HSE,eng,FL,NH,98,14
6396,HSE,eng,FL,NH,146,19
6398,HSE,eng,FL,NL,103,13
6400,HSE,eng,FL,IM,60,6
6401,HSE,eng,FL,IM,160,13
6402,HSE,eng,FL,NH,101,15
6408,HSE,eng,FL,IM,106,8
6409,HSE,ita,FL,B2,167,19
6410,HSE,ger,FL,AH,361,23
6411,HSE,ger,FL,AL,287,18
6412,HSE,ger,FL,IL,292,14
6413,HSE,ger,FL,AL,347,32
6414,HSE,ita,FL,B2,188,18
6417,HSE,ger,FL,AM,315,19
6418,HSE,ita,FL,B2,255,18
6419,HSE,ger,FL,AM,741,54
6422,HSE,ger,FL,C1,269,12
6425,HSE,ger,FL,AM,450,23
6426,HSE,ita,FL,IH,223,19
6429,HSE,ger,FL,AM,463,23
6460,HSE,kaz,HL,IM,163,10
6465,HSE,kaz,HL,IL,239,22
6497,,fr,FL,A2,75,11
6501,,fr,FL,A2,98,10
6506,,fr,FL,A2,44,7
6517,,fr,FL,A2,91,10
6534,,fr,FL,B1,42,3
6542,HSE,kaz,HL,IM,147,13
6545,HSE,kaz,HL,IM,121,10
6548,HSE,kaz,HL,IM,208,13
6550,HSE,kaz,HL,IM,121,9
6552,HSE,kaz,HL,IM,102,12
6553,HSE,kaz,HL,IH,204,8
6557,HSE,kaz,HL,IL,142,15
6558,HSE,kaz,HL,IL,214,18
6562,HSE,kaz,HL,IM,211,16
6573,,fr,FL,A1,115,9
6574,,fr,FL,A1,69,9
6575,,fr,FL,A1,132,8
6580,,fr,FL,A1,62,8
6581,,fr,FL,A1,57,7
6582,,fr,FL,A1,47,6
6585,,fr,FL,A1,119,13
6592,,fr,FL,A1,114,9
6597,,fr,FL,A2,140,13
6603,,fr,FL,A2,167,13
6605,,fr,FL,A2,156,9
6608,,fr,FL,A1,97,11
6620,,fr,FL,B1,385,24
6621,,fr,FL,B1,310,18
6622,,fr,FL,B1,235,17
6628,HSE,kaz,HL,IL,171,11
6630,HSE,kaz,HL,IL,140,15
6679,HSE,ger,HL,C2,628,44
6807,HSE,dut,HL,B1,192,13
6813,,chi,FL,B1,163,8
6818,,chi,FL,C2,193,11
6819,,chi,FL,C2,152,11
6820,,chi,FL,C2,266,13
6821,,chi,FL,C2,224,17
6822,,chi,FL,C2,212,12
6824,,chi,FL,C2,170,14
6825,,chi,FL,C2,229,15
6827,,chi,FL,C2,178,17
6832,HSE,dut,FL,A2,156,16
6833,HSE,kaz,HL,IM,147,11
6834,HSE,kaz,HL,IH,208,16
6836,HSE,kaz,HL,IM,214,10
6840,HSE,kaz,HL,IH,99,9
6861,HSE,kaz,HL,IH,373,21
6867,,chi,FL,C2,573,29
6869,HSE,kaz,HL,IL,220,19
6870,HSE,kaz,HL,IH,223,20
6871,HSE,kaz,HL,IH,209,18
6872,,chi,FL,C2,345,19
6886,HSE,kaz,HL,IH,282,25
7027,,chi,FL,C1,877,151
7028,,chi,FL,C2,224,12
7035,HSE,kaz,HL,IH,168,8
7036,HSE,kaz,HL,IH,203,14
7038,HSE,ita,HL,B2,146,10
7039,HSE,ita,HL,B2,120,5
7040,HSE,ita,HL,B2,111,5
7041,HSE,ita,FL,B1,136,7
7042,HSE,ita,FL,B1,174,12
7043,HSE,ita,FL,B1,207,16
7046,HSE,kaz,HL,IH,165,17
7052,HSE,ger,FL,A2,295,30
7054,HSE,ger,HL,A2,132,9
7055,HSE,ser,FL,A2,179,16
7056,HSE,ger,FL,A2,118,10
7057,HSE,ger,FL,A2,74,3
7058,HSE,ger,FL,A2,266,34
7061,HSE,ger,FL,A2,100,8
7062,HSE,ger,FL,A2,161,15
7063,HSE,ger,FL,A2,152,13
7064,HSE,ger,FL,A2,132,9
7065,HSE,ger,FL,A2,112,13
7066,HSE,ger,FL,A2,107,12
7067,HSE,ser,FL,A2,77,7
7068,HSE,ger,HL,A2,176,16
7070,HSE,ger,FL,A2,101,9
7071,HSE,ger,FL,A2,80,5
7073,HSE,ger,FL,A2,177,10
7074,HSE,ser,FL,A2,109,10
7075,HSE,ger,FL,A2,157,11
7079,HSE,ita,FL,B1,243,14
7080,HSE,ita,FL,B1,184,8
7082,HSE,ita,FL,B1,202,13
7083,HSE,ita,FL,B1,125,4
7084,HSE,ita,FL,B1,113,5
7085,HSE,ita,FL,B1,131,9
7086,HSE,ita,FL,B1,146,9
7087,HSE,ita,FL,B1,182,8
7088,HSE,ita,FL,B1,237,22
7089,HSE,ita,FL,B1,121,10
7090,HSE,ita,FL,B1,117,5
7091,HSE,ita,FL,B1,68,3
7092,HSE,kaz,HL,IH,276,19
7095,HSE,kaz,HL,IM,166,11
7098,,est,FL,IL,47,7
7099,,est,HL,C1,69,6
7116,HSE,ita,FL,B1,131,9
7117,HSE,ita,FL,B1,88,5
7118,HSE,ita,FL,B1,128,7
7119,HSE,ita,FL,B1,185,9
7120,HSE,ita,FL,B1,168,10
7121,HSE,ita,FL,B1,117,6
7122,HSE,ita,FL,B1,186,10
7123,HSE,ita,FL,B1,168,9
7124,HSE,ita,FL,B1,153,6
7125,HSE,ita,FL,B1,138,8
7126,HSE,ita,FL,B1,163,8
7127,HSE,ita,FL,B1,254,18
7128,HSE,ita,FL,B1,136,8
7129,HSE,ita,FL,B1,112,6
7130,HSE,ita,FL,B1,111,9
7131,HSE,ita,FL,B1,172,6
7132,HSE,ita,FL,B1,136,6
7141,HSE,taj,FL,AL,214,13
7148,HSE,taj,FL,C1,261,17
7426,HSE,ita,FL,B1,182,13
7869,HSE,kaz,HL,IM,290,19
7872,HSE,kaz,HL,IH,199,9
7873,HSE,kaz,HL,IH,181,7
8287,HSE,kaz,HL,IH,209,20
8294,HSE,kaz,HL,IM,345,25
8306,HSE,kaz,HL,IH,202,17
8311,HSE,kaz,HL,IM,154,14
8555,HSE,kaz,HL,IH,163,18
8558,HSE,kaz,HL,IL,65,11
8559,HSE,kaz,HL,IM,148,16
8562,HSE,kaz,HL,IH,119,6
8564,HSE,kaz,HL,IH,164,9
8591,HSE,kaz,HL,IH,242,13
8593,HSE,kaz,HL,IH,181,12
8595,HSE,kaz,HL,IM,196,16
8607,HSE,kaz,HL,IH,221,18
8620,HSE,kaz,HL,IM,223,17
8628,HSE,kaz,HL,IM,610,57
8629,HSE,kaz,HL,IM,301,21
8631,HSE,kaz,HL,IM,181,10
8634,HSE,kaz,HL,IH,153,12
8642,HSE,kaz,HL,IH,121,11
8643,HSE,kaz,HL,IH,172,16
8646,HSE,kaz,HL,IL,290,19
8648,HSE,kaz,HL,IL,245,17
8650,HSE,kaz,HL,IL,233,18
8655,HSE,kaz,HL,IM,115,13
8661,HSE,kaz,HL,IH,141,12
8667,HSE,kaz,HL,IM,144,9
8669,HSE,kaz,HL,IM,186,15
8672,HSE,kaz,HL,IM,155,8
8675,HSE,kaz,HL,IH,214,17
8676,HSE,kaz,HL,IH,210,16
8678,HSE,kaz,HL,IH,133,9
8683,HSE,kaz,HL,IL,214,9
8686,HSE,kaz,HL,IM,197,20
8690,HSE,kaz,HL,IM,180,13
8693,HSE,kaz,HL,IH,182,13
8695,HSE,kaz,HL,IM,159,11
8696,HSE,kaz,HL,IM,230,20
8700,HSE,kaz,HL,IM,214,18
8703,HSE,kaz,HL,IM,204,18
8705,HSE,kaz,HL,IM,168,16
8711,HSE,kaz,HL,IM,210,18
8716,HSE,chi,FL,B2,420,36
8717,HSE,chi,FL,C1,152,15
8718,HSE,chi,FL,B2,196,16
8719,HSE,chi,FL,B2,178,18
8720,HSE,chi,FL,B2,217,14
8721,HSE,chi,FL,B1,198,14
8722,HSE,chi,FL,B1,185,13
8723,HSE,chi,FL,B2,92,7
8724,HSE,chi,FL,B1,239,26
8725,HSE,chi,FL,IL,180,18
8726,HSE,chi,FL,B1,176,16
8727,HSE,chi,FL,B1,302,23
8728,HSE,chi,FL,B2,154,19
8729,HSE,chi,FL,B2,248,7
8730,HSE,chi,FL,B2,215,20
8731,HSE,chi,FL,B1,154,10
8732,HSE,chi,FL,B1,176,10
8733,HSE,chi,FL,B2,272,25
8734,HSE,chi,FL,B1,135,17
8735,HSE,chi,FL,B1,170,15
8736,HSE,chi,FL,B2,153,9
8737,HSE,chi,FL,B2,228,17
8738,HSE,chi,FL,B2,121,8
8739,HSE,chi,FL,B2,118,15
8740,HSE,chi,FL,B1,132,22
8741,HSE,chi,FL,A1,99,8
8742,HSE,chi,FL,A1,139,21
8743,HSE,chi,FL,A1,110,16
8744,HSE,chi,FL,A1,57,13
8745,HSE,chi,FL,A1,57,11
8761,UNICE,fr,FL,A2,96,11
8762,UNICE,fr,FL,A1,145,15
8770,UNICE,fr,FL,A1,112,14
8772,UNICE,fr,FL,A2,117,13
8777,UNICE,fr,HL,C1,212,14
8778,UNICE,fr,HL,C2,150,9
8844,HSE,kaz,HL,IH,294,16
8848,HSE,eng,FL,IH,250,13
8849,HSE,eng,FL,IH,285,16
8850,HSE,eng,FL,IH,254,13
8852,HSE,eng,FL,IH,213,14
8853,HSE,eng,FL,IH,126,8
8855,HSE,eng,FL,IH,231,12
8856,HSE,eng,FL,IH,262,15
8858,HSE,eng,FL,IH,236,13
8861,HSE,eng,FL,IH,283,24
8866,HSE,eng,FL,IH,299,13
8871,HSE,eng,FL,IH,295,27
8873,UNICE,fr,FL,A1,64,6
8874,UNICE,fr,FL,A1,78,5
8876,UNICE,fr,FL,A1,90,7
8877,UNICE,fr,FL,A1,93,6
8882,UNICE,fr,FL,B1,103,6
8896,UNICE,fr,FL,A1,90,6
8905,UNICE,fr,FL,A1,68,4
8906,UNICE,fr,FL,A1,295,23
8915,UNICE,fr,FL,A1,220,13
8943,UNICE,fr,FL,A1,22,5
8953,UNICE,fr,FL,A1,23,5
8957,UNICE,fr,FL,B1,464,26
8961,HSE,kaz,HL,IL,221,16
8962,HSE,kaz,HL,IL,104,8
8963,HSE,kaz,HL,IM,190,10
8973,HSE,kaz,HL,IH,227,13
8974,HSE,kaz,HL,IL,311,23
8976,UNICE,fr,FL,C1,149,9
8977,UNICE,fr,FL,C1,44,5
8978,UNICE,fr,FL,C1,93,10
8979,UNICE,fr,FL,C1,75,7
8980,UNICE,fr,FL,C1,94,5
8981,UNICE,fr,FL,C1,65,5
8982,UNICE,fr,FL,C1,84,8
8983,UNICE,fr,FL,C1,92,4
8984,UNICE,fr,FL,C1,61,4
8985,UNICE,fr,FL,C1,123,9
9024,,ita,FL,A2,267,14
9094,HSE,ita,FL,B1,220,16
9095,,ser,HL,Other,457,23
9096,HSE,fr,FL,B1,116,6
9097,HSE,ita,HL,B2,235,1
9098,HSE,ita,FL,C1,618,22
9102,HSE,kaz,HL,IM,125,8
9106,HSE,kaz,HL,IM,119,9
9109,HSE,kaz,HL,IM,90,5
9122,UNICE,fr,FL,B1,149,13
9123,UNICE,fr,FL,B1,319,25
9124,UNICE,fr,FL,B2,372,26
9125,UNICE,fr,FL,B2,385,25
9126,UNICE,fr,FL,C1,118,6
9127,UNICE,fr,FL,C1,310,14
9129,UNICE,fr,FL,C1,142,6
9130,UNICE,fr,FL,C1,143,8
9131,UNICE,fr,FL,C1,116,6
9133,UNICE,fr,FL,C1,172,8
9137,HSE,kaz,HL,IM,139,5
9141,HSE,kaz,HL,IL,107,4
9143,UNICE,fr,FL,B1,155,13
9144,UNICE,fr,FL,C1,800,30
9145,UNICE,fr,FL,B2,648,34
9148,HSE,por,FL,IH,331,23
9149,HSE,ita,FL,IH,135,12
9150,HSE,fr,FL,A1,83,10
9151,HSE,fr,FL,A1,138,10
9152,HSE,ita,FL,A1,233,25
9153,HSE,fr,FL,A1,132,11
9155,HSE,ger,FL,A1,91,15
9156,HSE,dut,FL,A1,109,11
9157,HSE,ita,FL,A1,70,9
9158,HSE,ita,FL,A1,81,5
9159,HSE,por,FL,IH,156,14
9160,HSE,eng,FL,IH,51,6
9161,HSE,nor,FL,A1,114,11
9162,HSE,dut,FL,A1,105,9
9163,HSE,ita,FL,A1,82,15
9164,HSE,ita,FL,A1,258,30
9165,HSE,nor,FL,A1,106,10
9166,HSE,dut,FL,A1,93,10
9167,HSE,nor,FL,A1,122,12
9168,HSE,fr,FL,A1,161,17
9169,HSE,fr,FL,A2,78,8
9170,HSE,kor,FL,IH,212,13
9171,HSE,eng,FL,IH,96,7
9172,HSE,kor,FL,IH,106,6
9173,HSE,ger,FL,IH,156,9
9174,HSE,ita,FL,IH,189,8
9175,HSE,fr,FL,A2,110,9
9176,HSE,eng,FL,IH,134,7
9177,HSE,ger,FL,IH,105,8
9178,HSE,fr,FL,A2,83,6
9179,HSE,eng,FL,IH,86,6
9180,HSE,eng,FL,IH,130,12
9181,HSE,chi,FL,IH,110,11
9182,HSE,chi,FL,IH,124,10
9183,HSE,eng,FL,IH,247,26
9184,HSE,por,FL,IH,266,18
9185,HSE,nor,HL,AH,214,15
9187,HSE,eng,FL,IH,175,17
9188,HSE,eng,FL,IM,230,18
9189,HSE,ita,FL,AM,208,15
9190,HSE,dut,FL,IM,192,14
9191,HSE,eng,FL,IM,221,16
9192,HSE,ita,FL,AM,194,15
9193,HSE,kor,FL,IM,196,24
9194,HSE,kor,FL,IH,192,20
9195,HSE,dut,FL,IM,351,22
9196,HSE,eng,FL,IM,333,49
9197,HSE,ita,FL,AM,216,22
9200,HSE,kor,FL,IH,181,18
9201,HSE,nor,HL,AM,219,20
9202,HSE,ita,FL,AM,291,41
9203,HSE,fr,FL,B1,392,21
9204,HSE,fr,FL,B1,224,14
9205,HSE,nor,HL,Other,416,18
9207,HSE,kor,FL,IM,526,32
9208,HSE,ita,FL,AM,313,25
9209,HSE,eng,FL,IM,490,63
9210,HSE,kor,FL,IL,176,31
9211,HSE,ger,FL,AM,492,49
9212,HSE,nor,HL,AM,306,34
9213,HSE,eng,FL,IM,81,7
9214,HSE,ita,FL,AM,101,9
9215,HSE,kor,FL,IM,107,11
9216,HSE,eng,FL,IH,103,8
9217,HSE,eng,FL,IH,145,11
9218,HSE,dut,FL,IM,224,17
9219,HSE,ita,FL,AM,217,14
9220,HSE,eng,FL,IM,315,18
9222,HSE,kor,FL,IM,416,25
9225,HSE,eng,FL,IH,588,34
9226,HSE,eng,FL,IH,215,14
9227,HSE,ita,FL,AM,268,42
9228,HSE,dut,FL,IM,486,35
9229,HSE,ita,FL,AM,740,38
9230,HSE,eng,FL,IM,1243,83
9231,HSE,fr,FL,B1,313,21
9232,HSE,nor,HL,Other,842,52
9234,HSE,kaz,HL,IM,129,10
9240,HSE,fr,FL,B2,359,27
9241,HSE,ita,FL,AM,333,20
9242,HSE,eng,FL,IM,765,49
9243,HSE,ita,FL,AM,552,30
9244,HSE,kor,FL,IM,446,29
9245,HSE,kor,FL,IL,270,22
9248,HSE,ger,FL,AM,396,25
9249,HSE,eng,FL,IH,374,23
9251,HSE,eng,FL,IH,377,18
9252,HSE,ita,FL,AM,776,50
9253,HSE,eng,FL,IM,1039,73
9254,HSE,ita,FL,AM,594,36
9255,HSE,kor,FL,IM,791,47
9256,HSE,kor,FL,IL,329,33
9259,HSE,eng,FL,IH,546,36
9261,HSE,ita,FL,AM,276,17
9262,HSE,ita,FL,AM,380,26
9263,HSE,kor,FL,IM,408,28
9266,HSE,eng,FL,IH,556,34
9267,UNICE,fr,FL,C1,101,11
9268,UNICE,fr,FL,C1,154,15
9269,UNICE,fr,FL,C1,238,27
9272,HSE,kaz,HL,IL,222,19
9274,HSE,kaz,HL,IM,164,12
9276,HSE,kaz,HL,IH,217,17
9283,HSE,kaz,HL,IM,68,7
9290,HSE,kaz,HL,IM,117,11
9299,HSE,kaz,HL,IH,110,10
9302,HSE,kaz,HL,IH,95,2
9303,HSE,kaz,HL,IM,42,1
9306,HSE,kaz,HL,IM,171,8
9307,HSE,kaz,HL,IM,93,9
9309,HSE,kaz,HL,IH,213,15
9311,HSE,kaz,HL,IM,110,10
9312,HSE,kaz,HL,IL,173,5
9313,HSE,kaz,HL,IH,222,21
9316,HSE,kaz,HL,IM,161,13
9322,HSE,kaz,HL,IM,177,13
9324,HSE,kaz,HL,IL,126,12
9325,HSE,kaz,HL,IM,120,8
9328,HSE,kaz,HL,IM,146,12
9329,HSE,kaz,HL,IM,173,18
9339,HSE,kaz,HL,IM,135,14
9340,HSE,kaz,HL,IH,129,9
9342,HSE,kaz,HL,IM,185,10
9344,HSE,kaz,HL,IH,267,20
9346,HSE,kaz,HL,IH,178,14
9347,HSE,chi,FL,A1,45,10
9348,HSE,chi,FL,A1,88,8
9349,,chi,FL,A1,101,11
9350,,chi,FL,A1,105,8
9351,,chi,FL,A1,86,6
9352,,chi,FL,A1,107,11
9353,,chi,FL,A1,82,8
9354,,chi,FL,A1,30,4
9355,,chi,FL,A1,122,8
9356,,chi,FL,A1,68,10
9357,,chi,FL,A1,113,4
9366,HSE,chi,FL,IM,243,18
9367,HSE,chi,FL,IM,216,14
9368,HSE,chi,FL,IM,316,25
9369,HSE,chi,FL,IM,428,21
9370,HSE,chi,FL,IH,198,14
9371,HSE,chi,FL,IH,118,15
9373,HSE,kaz,HL,IH,160,13
9376,HSE,kaz,HL,IM,162,11
9378,HSE,kaz,HL,IM,358,26
9379,HSE,fr,FL,B1,185,14
9386,HSE,ser,HL,IH,289,34
9388,HSE,ser,HL,IH,691,37
9389,HSE,ser,HL,IH,477,27
9390,HSE,ser,HL,IH,454,35
9391,HSE,ser,FL,IH,563,23
9392,HSE,ser,FL,IH,840,35
9393,HSE,ser,FL,IH,338,16
9401,HSE,kaz,HL,IM,230,18
9402,HSE,kaz,HL,IL,103,7
9403,HSE,kaz,HL,IL,135,12
9413,HSE,kaz,HL,IM,190,18
9416,HSE,kaz,HL,IH,227,14
9417,HSE,chi,FL,IH,448,26
9418,HSE,chi,FL,IH,157,17
9419,HSE,chi,FL,IH,491,21
9420,HSE,chi,FL,IM,181,10
9421,HSE,chi,FL,IM,262,17
9422,HSE,chi,FL,IM,107,14
9423,HSE,chi,FL,IM,301,21
9424,HSE,chi,FL,IM,110,12
9425,HSE,chi,FL,IM,279,20
9426,HSE,chi,FL,IM,202,17
9427,HSE,chi,FL,IM,162,20
9428,HSE,chi,FL,IM,232,14
9429,HSE,chi,FL,IM,189,17
9469,HSE,kaz,HL,IL,161,14
9470,HSE,kaz,HL,IH,210,15
9471,HSE,eng,FL,Other,89,9
9473,HSE,eng,FL,Other,95,10
9475,HSE,eng,FL,Other,105,10
9476,HSE,eng,FL,Other,30,4
9477,HSE,eng,FL,Other,171,12
9481,,chi,FL,B1,214,10
9482,,chi,FL,B1,438,22
9499,HSE,eng,FL,IL,208,15
9500,HSE,eng,FL,IL,83,7
9501,HSE,eng,FL,IM,86,6
9504,HSE,ger,FL,IL,81,8
9506,HSE,kaz,HL,IM,163,15
9508,HSE,kaz,HL,IL,223,17
9509,HSE,kaz,HL,IM,179,18
9513,HSE,kaz,HL,IH,115,6
9514,HSE,kaz,HL,IM,143,13
9515,HSE,kaz,HL,IH,173,11
9518,HSE,kaz,HL,IH,117,10
9520,HSE,kaz,HL,IM,184,13
9523,HSE,kaz,HL,IM,130,13
9546,HSE,far,FL,NH,113,10
9547,HSE,far,FL,NM,112,6
9548,HSE,fr,FL,B1,263,29
9550,HSE,eng,FL,NM,75,10
9552,HSE,spa,FL,NM,137,15
9553,HSE,spa,FL,NM,153,15
9565,HSE,spa,FL,NM,56,2
9568,HSE,ger,FL,NH,109,9
9583,HSE,spa,FL,NM,64,6
9587,HSE,spa,FL,NM,157,7
9588,HSE,spa,FL,NM,157,8
9600,HSE,spa,FL,IH,362,15
9602,HSE,spa,FL,NM,144,12
9603,HSE,spa,FL,NM,278,26
9604,HSE,spa,FL,NM,61,7
9605,HSE,spa,FL,NM,64,8
9612,HSE,spa,FL,A1,213,3
9615,HSE,spa,FL,A1,126,12
9618,HSE,spa,FL,A1,14,1
9638,HSE,eng,FL,A2,90,5
9641,HSE,spa,FL,IH,512,12
9642,HSE,spa,FL,IH,286,25
9644,HSE,spa,FL,IH,138,10
9648,HSE,spa,FL,IH,146,15
9649,HSE,spa,FL,IH,365,17
9652,HSE,ser,FL,A2,66,6
9653,HSE,ser,FL,A2,144,22
9654,HSE,ser,FL,A2,106,7
9655,HSE,ser,FL,A2,93,6
9656,HSE,ser,FL,A2,99,11
9657,HSE,ser,FL,A2,91,9
9658,HSE,ser,FL,A2,131,10
9660,HSE,ser,FL,A2,95,9
9661,HSE,ser,FL,A2,33,5
9662,HSE,ser,FL,A2,139,17
9663,HSE,ser,FL,A2,152,12
9664,HSE,ser,FL,A2,107,8
9665,HSE,ser,FL,A2,97,8
9668,HSE,spa,FL,NM,136,12
9669,HSE,spa,FL,NM,53,3
9670,HSE,ser,FL,IH,478,32
9689,HSE,chi,FL,A2,81,6
9690,HSE,chi,FL,A2,82,6
9691,HSE,chi,FL,B2,167,8
9692,HSE,chi,FL,B2,66,3
9693,HSE,chi,FL,B2,99,5
9694,HSE,chi,FL,B2,319,12
9695,HSE,chi,FL,B1,91,5
9696,HSE,chi,FL,B1,130,7
9697,HSE,chi,FL,B1,139,10
9698,HSE,chi,FL,B1,310,18
9699,HSE,eng,FL,A2,108,11
9700,HSE,eng,FL,A2,213,13
9701,HSE,eng,FL,A2,72,6
9709,HSE,fr,FL,B1,237,13
9710,HSE,fr,FL,B1,189,11
9711,HSE,fr,FL,B1,207,15
9714,HSE,chi,FL,A2,128,13
9722,HSE,chi,FL,B2,73,6
9723,HSE,chi,FL,B2,107,9
9724,HSE,chi,FL,B2,309,21
9725,HSE,chi,FL,B2,210,23
9726,HSE,chi,FL,B2,104,8
9727,HSE,chi,FL,B2,232,18
9728,HSE,chi,FL,B2,438,19
9729,HSE,eng,FL,A2,80,5
9730,HSE,eng,FL,A2,105,10
9731,HSE,eng,FL,A2,106,9
9733,HSE,eng,FL,A2,63,6
9735,HSE,chi,FL,B1,316,21
9736,HSE,ser,FL,B1,144,16
9737,HSE,ser,FL,B1,162,15
9738,HSE,ser,FL,B1,154,15
9740,HSE,ser,FL,B1,56,6
9741,HSE,ser,FL,B1,89,10
9743,HSE,ser,FL,B1,124,14
9744,HSE,ser,FL,B1,65,8
9745,HSE,ser,FL,B1,113,13
9747,HSE,spa,FL,IH,141,13
9748,HSE,spa,FL,IH,372,23
9749,HSE,eng,FL,A2,215,24
9750,HSE,eng,FL,A2,123,18
9751,HSE,eng,FL,A2,108,13
9752,HSE,eng,FL,A2,77,4
9754,HSE,eng,FL,A2,64,3
9756,HSE,eng,FL,A2,146,19
9757,HSE,eng,FL,A2,45,5
9759,HSE,eng,FL,A2,91,5
9760,HSE,eng,FL,A2,53,7
9761,HSE,eng,FL,A2,72,13
9762,HSE,eng,FL,A2,139,13
9763,HSE,eng,FL,A2,182,22
9764,HSE,eng,FL,A2,131,16
9765,HSE,eng,FL,A2,43,1
9766,HSE,eng,FL,A2,123,8
9769,HSE,eng,FL,A2,58,6
9770,HSE,eng,FL,A2,156,12
9771,HSE,eng,FL,A1,166,17
9774,HSE,spa,FL,IH,365,15
9776,HSE,spa,FL,IH,473,17
9777,HSE,spa,FL,IH,361,13
9778,HSE,spa,FL,IH,262,11
9781,HSE,spa,FL,IH,311,17
9783,HSE,spa,FL,IM,363,9
9788,HSE,spa,FL,IM,238,8
9789,HSE,spa,FL,IM,217,9
9792,HSE,ser,FL,IH,555,29
9793,HSE,ser,FL,IH,419,21
9795,HSE,ser,FL,A2,154,20
9796,HSE,spa,FL,IM,127,3
9797,HSE,spa,FL,IM,209,13
9799,HSE,spa,FL,IM,222,8
9800,HSE,spa,FL,IM,253,7
9802,HSE,chi,FL,NH,66,10
9803,HSE,chi,FL,NH,137,18
9804,HSE,chi,FL,NH,48,4
9805,HSE,chi,FL,NH,180,21
9806,HSE,chi,FL,NH,264,30
9807,HSE,spa,FL,NH,126,12
9810,HSE,chi,FL,NM,140,16
9811,HSE,chi,FL,NM,154,27
9812,HSE,chi,FL,NM,85,8
9813,HSE,chi,FL,NM,219,24
9824,HSE,ara,HL,B2,56,2
9843,HSE,kaz,HL,IM,195,17
9848,HSE,far,FL,IL,125,13
9865,HSE,chi,FL,IH,518,37
9866,HSE,chi,FL,IH,324,41
9867,HSE,chi,FL,IH,336,34
9868,HSE,chi,FL,IH,38,4
9869,HSE,chi,FL,IM,120,12
9870,HSE,chi,FL,IM,144,15
9871,HSE,chi,FL,IM,189,20
9872,HSE,chi,FL,IM,48,5
9873,HSE,ita,FL,IH,275,18
9874,HSE,ita,FL,IH,165,19
9876,HSE,ita,FL,IH,45,6
10058,HSE,ser,FL,B1,74,11
10061,HSE,ser,FL,B1,58,6
10062,HSE,ser,FL,B1,73,8
10063,HSE,ser,FL,B1,48,6
10064,HSE,ser,FL,B1,167,16
10065,HSE,ser,FL,B1,80,8
10066,HSE,kaz,HL,IM,215,16
10067,HSE,ser,FL,B1,84,4
10069,HSE,ser,FL,B1,91,7
10070,HSE,ser,FL,B1,45,3
10074,HSE,ser,FL,B1,167,13
10075,HSE,kaz,HL,IH,189,14
10076,HSE,ser,FL,B1,174,15
10077,HSE,ser,FL,B1,97,10
10081,HSE,ser,FL,B1,139,11
10082,HSE,ser,FL,B1,50,4
10084,HSE,ser,FL,B1,57,4
10085,HSE,ser,FL,B1,40,6
10086,HSE,ser,FL,B1,141,11
10087,HSE,ser,FL,B1,119,10
10088,HSE,ser,FL,B1,159,11
10091,HSE,eng,FL,A2,155,14
10098,HSE,eng,FL,A2,284,21
10099,HSE,eng,FL,A2,149,13
10104,HSE,chi,FL,B1,399,26
10105,HSE,chi,FL,B1,376,40
10107,HSE,eng,FL,B1,166,23
10198,HSE,spa,FL,A2,137,9
10200,HSE,spa,FL,B1,315,23
10201,HSE,spa,FL,B1,135,19
10203,HSE,spa,FL,B1,257,25
10204,HSE,spa,FL,B1,311,26
10205,HSE,spa,FL,B1,143,18
10206,HSE,spa,FL,A2,409,32
10219,HSE,eng,FL,A2,127,7
10223,HSE,chi,FL,A2,139,11
10224,HSE,chi,FL,A2,174,20
10227,HSE,ser,FL,B1,144,8
10258,HSE,eng,FL,A2,154,10
10259,HSE,eng,FL,A2,88,9
10260,HSE,chi,FL,A2,227,19
10261,HSE,chi,FL,A2,149,22
10263,HSE,spa,FL,A2,223,25
10264,HSE,chi,FL,A2,285,14
10265,HSE,chi,FL,A2,171,19
10269,HSE,ser,FL,B1,303,15
10271,HSE,chi,FL,A2,119,10
10272,HSE,chi,FL,A2,123,13
10290,HSE,ser,FL,B1,161,19
10292,SFEDU,turkmen,FL,B1,548,36
10293,SFEDU,spa,FL,B1,578,12
10294,SFEDU,spa,FL,B1,481,14
10295,SFEDU,turkmen,FL,B1,1035,70
10296,SFEDU,spa,FL,B1,485,17
10297,SFEDU,spa,FL,B1,721,49
10298,SFEDU,turkmen,FL,B1,697,31
10299,SFEDU,spa,FL,B1,319,4
10300,SFEDU,turkmen,FL,B1,822,42
10301,SFEDU,spa,FL,B1,665,19
10305,HSE,spa,FL,A2,303,20
10306,HSE,spa,FL,A2,146,8
10308,HSE,spa,FL,A2,234,19
10309,HSE,spa,FL,A2,145,22
10310,SFEDU,fr,FL,B1,254,14
10315,SFEDU,fr,FL,B1,251,10
10316,SFEDU,fr,FL,B1,174,5
10317,SFEDU,mon,FL,B1,470,29
10318,SFEDU,spa,FL,B1,468,14
10319,SFEDU,chi,FL,B1,453,25
10322,SFEDU,chi,FL,B1,432,16
10323,SFEDU,chi,FL,B1,545,35
10324,SFEDU,chi,FL,B1,677,31
10325,SFEDU,chi,FL,B1,526,23
10326,SFEDU,chi,FL,B1,734,38
10327,SFEDU,chi,FL,B1,630,9
10328,SFEDU,chi,FL,B1,736,39
10329,SFEDU,chi,FL,B1,628,41
10330,SFEDU,chi,FL,B1,487,32
10331,SFEDU,chi,FL,B1,684,40
10332,SFEDU,chi,FL,B1,534,15
10333,SFEDU,chi,FL,B1,630,36
10334,SFEDU,chi,FL,B1,1192,64
10335,SFEDU,chi,FL,B1,579,40
10336,SFEDU,chi,FL,B1,770,22
10337,SFEDU,chi,FL,B1,453,24
10338,SFEDU,chi,FL,B1,704,44
10339,SFEDU,chi,FL,B1,617,42
10340,SFEDU,chi,FL,B1,570,19
10341,SFEDU,chi,FL,B1,586,40
10342,SFEDU,chi,FL,B1,466,29
10343,SFEDU,chi,FL,B1,639,5
10344,SFEDU,chi,FL,B1,536,14
10345,SFEDU,chi,FL,B1,862,43
10346,SFEDU,chi,FL,B1,785,57
10347,SFEDU,chi,FL,B1,317,15
10348,SFEDU,chi,FL,B1,438,25
10349,SFEDU,chi,FL,B1,521,16
10350,SFEDU,chi,FL,B1,734,15
10351,SFEDU,chi,FL,B1,508,33
10352,SFEDU,chi,FL,B1,384,24
10353,SFEDU,chi,FL,B1,442,20
10354,SFEDU,chi,FL,B1,463,20
10357,SFEDU,spa,FL,B1,563,19
10358,SFEDU,spa,FL,B1,1009,49
10359,SFEDU,spa,FL,B1,921,20
10360,SFEDU,spa,FL,B1,392,8
10361,SFEDU,spa,FL,B1,517,25
10362,SFEDU,spa,FL,B1,677,47
10363,SFEDU,spa,FL,B1,579,15
10367,SFEDU,spa,FL,B1,1280,76
10373,SFEDU,ara,FL,B1,510,22
10374,SFEDU,ara,FL,B1,160,5
10375,SFEDU,ara,FL,B1,474,15
10376,SFEDU,ara,FL,B1,452,25
10377,SFEDU,ara,FL,B1,408,22
10378,SFEDU,ara,FL,B1,260,17
10379,SFEDU,turkmen,FL,B1,487,11
10381,SFEDU,turkmen,FL,B1,496,29
10382,SFEDU,turkmen,FL,B1,585,47
10383,SFEDU,turkmen,FL,B1,122,6
10384,SFEDU,turkmen,FL,B1,385,31
10385,SFEDU,turkmen,FL,B1,586,54
10386,SFEDU,turkmen,FL,B1,745,42
10388,SFEDU,turkmen,FL,B1,392,21
10389,SFEDU,turkmen,FL,B1,340,16
10390,SFEDU,turkmen,FL,B1,501,33
10391,SFEDU,turkmen,FL,B1,584,44
10392,SFEDU,turkmen,FL,B1,640,29
10393,SFEDU,turkmen,FL,B1,713,45
10394,SFEDU,turkmen,FL,B1,471,27
10395,SFEDU,turkmen,FL,B1,803,49
10396,SFEDU,turkmen,FL,B1,316,22
10397,SFEDU,turkmen,FL,B1,547,28
10398,SFEDU,turkmen,FL,B1,572,34
10399,SFEDU,turkmen,FL,B1,353,14
10400,SFEDU,turkmen,FL,B1,604,28
10401,SFEDU,turkmen,FL,B1,820,42
10402,SFEDU,turkmen,FL,B1,841,39
10403,SFEDU,turkmen,FL,B1,861,42
10404,SFEDU,turkmen,FL,B1,555,29
10405,SFEDU,turkmen,FL,B1,270,19
10410,SFEDU,turkmen,FL,B1,489,22
10411,SFEDU,eng,FL,B1,517,17
10412,SFEDU,abk,HL,B1,544,32
10442,SFEDU,turkmen,FL,B1,562,32
10444,SFEDU,turkmen,FL,B1,650,37
10446,SFEDU,turkmen,FL,B1,387,22
10448,SFEDU,turkmen,FL,B1,330,16
10450,SFEDU,turkmen,FL,B1,549,31
10451,SFEDU,turkmen,FL,B1,1052,62
10452,SFEDU,turkmen,FL,B1,599,50
10453,SFEDU,turkmen,FL,B1,643,10
10456,SFEDU,turkmen,FL,B1,633,39
10457,SFEDU,turkmen,FL,B1,616,36
10458,SFEDU,turkmen,FL,B1,655,27
10461,SFEDU,turkmen,FL,B1,567,30
10462,SFEDU,turkmen,FL,B1,442,21
10463,SFEDU,turkmen,FL,B1,634,28
10465,SFEDU,turkmen,FL,B1,1517,80
10466,SFEDU,turkmen,FL,B1,599,37
10467,SFEDU,turkmen,FL,B1,748,47
10469,SFEDU,turkmen,FL,B1,678,40
10472,SFEDU,chi,FL,B1,705,34
10485,SFEDU,turkmen,FL,B1,676,44
10487,SFEDU,turkmen,FL,B1,778,28
10488,SFEDU,turkmen,FL,B1,660,59
10489,SFEDU,turkmen,FL,B1,631,38
10490,SFEDU,turkmen,FL,B1,618,36
10491,SFEDU,turkmen,FL,B1,524,27
10492,SFEDU,turkmen,FL,B1,1035,37
10493,SFEDU,turkmen,FL,B1,535,43
10495,SFEDU,turkmen,FL,B1,704,39
10496,SFEDU,turkmen,FL,B1,1142,41
10497,SFEDU,turkmen,FL,B1,538,33
10498,SFEDU,turkmen,FL,B1,417,24
10499,SFEDU,turkmen,FL,B1,561,32
10501,SFEDU,turkmen,FL,B1,603,31
10502,SFEDU,turkmen,FL,B1,526,35
10503,SFEDU,turkmen,FL,B1,410,23
10504,SFEDU,turkmen,FL,B1,565,29
10505,SFEDU,turkmen,FL,B1,616,44
10506,SFEDU,turkmen,FL,B1,343,22
10508,SFEDU,turkmen,FL,B1,424,22
10509,SFEDU,turkmen,FL,B1,542,44
10510,SFEDU,turkmen,FL,B1,394,17
10512,SFEDU,turkmen,FL,B1,413,25
10514,SFEDU,turkmen,FL,B1,398,18
10515,SFEDU,turkmen,FL,B1,861,62
10516,SFEDU,turkmen,FL,B1,566,22
10521,SFEDU,turkmen,FL,B1,566,30
10522,SFEDU,turkmen,FL,B1,488,32
10523,SFEDU,turkmen,FL,B1,533,34
10525,SFEDU,turkmen,FL,B1,304,18
10526,SFEDU,turkmen,FL,B1,365,21
10527,SFEDU,turkmen,FL,B1,653,32
10528,SFEDU,turkmen,FL,B1,601,12
10529,SFEDU,turkmen,FL,B1,218,12
10530,SFEDU,turkmen,FL,B1,503,33
10533,SFEDU,turkmen,FL,B1,572,37
10534,SFEDU,turkmen,FL,B1,531,23
10535,SFEDU,turkmen,FL,B1,611,36
10536,SFEDU,turkmen,FL,B1,574,36
10538,SFEDU,turkmen,FL,B1,288,16
10539,SFEDU,turkmen,FL,B1,624,37
10540,SFEDU,turkmen,FL,B1,609,44
10541,SFEDU,turkmen,FL,B1,592,35
10543,SFEDU,turkmen,FL,B1,710,42
10544,SFEDU,turkmen,FL,B1,428,21
10545,SFEDU,turkmen,FL,B1,642,38
10546,SFEDU,turkmen,FL,B1,285,20
10548,SFEDU,turkmen,FL,B1,408,17
10549,SFEDU,turkmen,FL,B1,368,30
10551,HSE,kaz,HL,IM,165,16
10561,HSE,kaz,HL,IM,170,15
10563,HSE,kaz,HL,IH,187,11
10566,HSE,kaz,HL,IM,162,11
10567,SFEDU,spa,FL,B1,683,34
10569,SFEDU,spa,FL,B1,777,49
10570,SFEDU,spa,FL,B1,870,21
10571,SFEDU,spa,FL,B1,1069,24
10573,SFEDU,spa,FL,B1,407,21
10575,SFEDU,spa,FL,B1,1042,32
10576,SFEDU,spa,FL,B1,296,8
10580,SFEDU,spa,FL,B1,769,20
10581,SFEDU,spa,FL,B1,369,9
10582,SFEDU,spa,FL,B1,707,15
10583,SFEDU,spa,FL,B1,1012,49
10585,SFEDU,spa,FL,B1,1378,38
10586,SFEDU,spa,FL,B1,1015,40
10587,SFEDU,spa,FL,B1,1305,60
10588,SFEDU,spa,FL,B1,598,27
10589,SFEDU,spa,FL,B1,1403,29
10590,SFEDU,spa,FL,B1,684,25
10591,SFEDU,spa,FL,B1,599,23
10592,SFEDU,spa,FL,B1,731,20
10593,SFEDU,spa,FL,B1,589,24
10594,SFEDU,spa,FL,B1,677,14
10595,SFEDU,spa,FL,B1,757,20
10596,SFEDU,spa,FL,B1,1050,13
10602,SFEDU,spa,FL,B1,516,37
10607,SFEDU,spa,FL,B1,373,9
10609,SFEDU,spa,FL,B1,413,4
10610,SFEDU,spa,FL,B1,779,16
10611,SFEDU,spa,FL,B1,767,45
10612,SFEDU,spa,FL,B1,587,25
10613,SFEDU,spa,FL,B1,1096,28
10614,SFEDU,spa,FL,B1,842,24
10615,SFEDU,spa,FL,B1,566,29
10616,SFEDU,spa,FL,B1,236,10
10617,SFEDU,spa,FL,B1,535,19
10618,SFEDU,spa,FL,B1,561,34
10619,SFEDU,spa,FL,B1,278,3
10620,SFEDU,spa,FL,B1,1088,20
10621,SFEDU,spa,FL,B1,461,13
10622,SFEDU,spa,FL,B1,929,17
10623,SFEDU,spa,FL,B1,454,11
10624,SFEDU,spa,FL,B1,550,15
10625,SFEDU,spa,FL,B1,754,21
10626,SFEDU,spa,FL,B1,266,8
10628,SFEDU,spa,FL,B1,286,20
10629,SFEDU,spa,FL,B1,683,47
10630,SFEDU,spa,FL,B1,702,51
10631,SFEDU,spa,FL,B1,574,35
10632,,slo,FL,B2,333,13
10633,,slo,FL,B2,311,18
10634,,slo,FL,B2,277,20
10638,HSE,chi,FL,A2,76,7
10639,HSE,chi,FL,B1,146,9
10640,HSE,chi,FL,B1,123,10
10643,HSE,chi,FL,A2,237,1
10644,HSE,chi,FL,A2,161,1
10647,HSE,chi,FL,A2,297,21
10648,HSE,chi,FL,A2,159,24
10649,HSE,chi,FL,B1,289,3
10650,HSE,chi,FL,B1,349,6
10653,HSE,chi,FL,B1,215,15
10654,HSE,chi,FL,B1,215,22
10658,HSE,kor,FL,A2,215,6
10668,HSE,ara,FL,A2,330,9
10671,HSE,ara,FL,A2,215,14
10683,HSE,tur,FL,A1,149,22
10684,HSE,tur,FL,A1,69,14
10686,HSE,eng,FL,A2,58,5
10687,,slo,FL,B2,543,31
10688,,slo,FL,B2,378,14
10689,,slo,FL,B2,374,25
10690,,slo,FL,B2,294,11
10691,,slo,FL,B2,269,22
10692,,slo,FL,B2,363,25
10693,,slo,FL,B2,217,16
10694,,slo,FL,B2,373,29
10695,,slo,FL,B2,418,28
10696,,slo,FL,B2,149,13
10697,,slo,FL,B2,215,16
10698,,slo,FL,B2,90,4
10699,,slo,FL,B2,370,22
10700,,slo,FL,B2,131,7
10701,,slo,FL,B2,265,20
10702,,slo,FL,B2,288,17
10703,,slo,FL,B2,194,11
10704,,slo,FL,B2,128,9
10705,,slo,FL,B2,251,12
10706,,slo,FL,B2,168,11
10707,,slo,FL,B2,259,12
10708,,slo,FL,B2,257,20
10709,,slo,FL,B2,181,9
10711,,slo,FL,B2,274,18
10712,,slo,FL,B2,156,8
10713,,slo,FL,B2,259,19
10714,,slo,FL,B2,147,12
10715,,slo,FL,B2,170,11
10716,,slo,FL,B2,310,17
10738,,slo,HL,B2,114,9
10750,,slo,HL,B2,188,16
10813,HSE,kaz,HL,IH,189,18
10815,,mac,FL,B1,645,45
10816,,mac,FL,B1,488,28
10817,,mac,FL,B1,302,17
10818,,mac,FL,B1,226,19
10819,,mac,FL,B1,89,4
10820,,mac,FL,B1,245,10
10821,,mac,FL,B1,432,22
10822,,mac,FL,B1,442,33
10823,,mac,FL,B2,313,23
10824,,mac,FL,A2,168,17
10825,,mac,FL,A2,105,7
10826,,mac,FL,A2,251,14
10827,,mac,FL,A1,225,16
10828,,mac,FL,A2,155,6
10829,,mac,FL,A2,371,25
10830,,mac,FL,A2,202,9
10831,,mac,FL,A2,160,10
10832,,mac,FL,A2,128,3
10833,,mac,FL,A2,118,9
10834,HSE,ser,FL,B1,303,21
10838,HSE,chi,FL,B1,238,20
10839,HSE,chi,FL,B1,306,22
10840,HSE,chi,FL,B1,440,48
10841,HSE,chi,FL,B1,254,18
10842,HSE,chi,FL,B1,145,16
10843,HSE,chi,FL,B1,231,20
10844,HSE,chi,FL,B1,278,24
10845,HSE,chi,FL,B1,167,15
10846,HSE,chi,FL,B1,163,20
10847,HSE,chi,FL,B1,98,9
10848,HSE,chi,FL,B1,162,16
10849,HSE,chi,FL,B1,117,11
10850,HSE,chi,FL,B1,123,18
10851,HSE,chi,FL,B1,107,9
10852,HSE,chi,FL,B1,105,10
10853,HSE,chi,FL,B1,186,24
10854,HSE,spa,FL,NM,54,4
10855,HSE,spa,FL,NM,178,17
10869,,chi,FL,B1,444,29
10870,,chi,FL,B1,289,25
10892,,chi,FL,B1,136,10
10893,,chi,FL,B1,175,4
10904,HSE,chi,FL,B1,147,15
10905,HSE,chi,FL,B1,210,23
10906,HSE,chi,FL,B1,202,16
10907,HSE,chi,FL,B1,223,20
10908,HSE,chi,FL,B1,278,26
10909,HSE,chi,FL,B1,162,11
10910,HSE,chi,FL,B1,139,9
10911,HSE,chi,FL,B1,156,12
10912,HSE,chi,FL,B1,113,11
10913,HSE,chi,FL,B1,111,12
10914,HSE,chi,FL,B1,117,11
10915,HSE,chi,FL,B1,136,12
10916,HSE,chi,FL,B1,104,10
10917,HSE,chi,FL,B1,120,11
10918,HSE,chi,FL,B1,259,29
10919,HSE,chi,FL,B1,204,19
10920,HSE,chi,FL,B1,193,22
10921,HSE,chi,FL,B1,96,9
10922,HSE,chi,FL,B1,217,17
10923,HSE,chi,FL,B1,162,12
10924,HSE,chi,FL,B1,273,23
10925,HSE,chi,FL,B1,195,14
10926,HSE,chi,FL,B1,167,16
10927,HSE,chi,FL,B1,186,12
10928,HSE,chi,FL,B1,148,10
10929,HSE,chi,FL,B1,180,15
10930,HSE,chi,FL,B1,182,15
10931,HSE,chi,FL,B1,111,10
10939,HSE,eng,FL,A2,205,10
10940,HSE,ger,FL,A2,377,22
10941,HSE,eng,FL,A2,177,12
10942,HSE,eng,FL,A2,95,9
10943,HSE,chi,FL,A2,274,18
10944,HSE,chi,FL,A2,181,16
10945,HSE,chi,FL,A2,420,34
10946,HSE,chi,FL,A2,273,27
10949,HSE,chi,FL,B1,303,28
10950,HSE,chi,FL,B1,188,23
10961,HSE,chi,FL,B1,125,7
10962,HSE,chi,FL,B1,130,9
10963,HSE,chi,FL,B1,202,16
10964,HSE,chi,FL,B1,244,24
10965,HSE,chi,FL,B1,274,20
10966,HSE,chi,FL,B1,211,16
10967,HSE,chi,FL,B1,240,26
10968,HSE,chi,FL,B1,219,15
10969,HSE,chi,FL,B1,233,23
10970,HSE,chi,FL,B1,83,10
10971,HSE,chi,FL,B1,119,15
10972,HSE,chi,FL,B1,97,9
10973,HSE,chi,FL,B1,149,15
10974,HSE,chi,FL,B1,261,32
10975,HSE,chi,FL,B1,149,14
10976,HSE,chi,FL,B1,123,9
10977,HSE,chi,FL,B1,129,12
10978,HSE,chi,FL,B1,211,12
10979,HSE,chi,FL,B1,140,10
10980,,ara,FL,B1,419,9
10981,HSE,chi,FL,B1,136,10
10982,HSE,chi,FL,B1,91,7
10983,HSE,chi,FL,B1,87,8
10984,HSE,chi,FL,B1,86,8
10985,,bul,FL,B1,131,8
10986,HSE,chi,FL,B1,92,10
10987,HSE,chi,FL,B1,116,11
10988,HSE,chi,FL,B1,111,10
10989,HSE,chi,FL,B1,143,13
10990,HSE,chi,FL,B1,70,7
10991,HSE,chi,FL,B1,135,18
10997,,chi,FL,B1,221,5
10998,,chi,FL,B1,236,7
11000,,bul,HL,B1,248,24
11022,,chi,FL,B1,363,25
11023,,chi,FL,B1,237,25
11041,UNICE,fr,FL,B1,497,30
11042,UNICE,fr,FL,B1,103,7
11043,UNICE,fr,HL,C1,250,15
11044,UNICE,fr,HL,C1,134,6
11047,UNICE,fr,FL,B1,436,18
11048,UNICE,fr,FL,B1,418,16
11060,UNICE,fr,FL,B2,257,11
11061,UNICE,fr,FL,B2,248,9
11062,UNICE,fr,FL,B1,307,14
11063,UNICE,fr,FL,B1,298,13
11064,HSE,kaz,HL,IM,151,15
11090,,chi,FL,IM,139,10
11091,HSE,chi,FL,A1,115,13
11092,HSE,chi,FL,A1,69,7
11093,HSE,chi,FL,A1,53,2
11094,HSE,chi,FL,A1,53,5
11096,HSE,chi,FL,B1,135,17
11097,HSE,chi,FL,B2,278,5
11098,HSE,chi,FL,B1,153,13
11100,HSE,chi,FL,A2,78,10
11106,HSE,chi,FL,B1,100,11
11107,HSE,chi,FL,B2,130,15
11108,HSE,chi,FL,B1,160,19
11109,HSE,chi,FL,A1,42,7
11110,HSE,chi,FL,B2,213,10
11111,HSE,chi,FL,A2,87,14
11112,HSE,chi,FL,B2,202,16
11113,HSE,chi,FL,B1,99,7
11114,HSE,chi,FL,B1,86,10
11115,HSE,chi,FL,B1,174,12
11116,HSE,chi,FL,A1,53,4
11117,HSE,chi,FL,A1,73,2
11118,HSE,chi,FL,A1,96,9
11119,HSE,chi,FL,A2,54,4
11120,HSE,chi,FL,A1,81,5
11121,HSE,chi,FL,A1,56,4
11122,HSE,chi,FL,A1,119,10
11148,HSE,tur,FL,B1,195,24
11189,HSE,tur,FL,A2,243,25
11196,,vie,FL,B1,335,17
11199,HSE,tur,FL,A2,191,29
11203,HSE,spa,FL,A2,287,19
11219,,tur,FL,B1,215,21
11222,,tur,FL,B1,142,22
11246,HSE,ser,FL,B1,356,17
11252,HSE,ser,FL,B1,364,22
11258,HSE,ser,FL,B1,290,19
11259,HSE,ser,FL,B1,143,19
11268,HSE,ser,FL,B1,274,20
11291,,tur,FL,A2,123,9
11292,,tur,FL,A2,72,10
11311,HSE,spa,FL,A2,125,6
11312,HSE,spa,FL,A2,155,10
11314,HSE,spa,FL,A2,153,12
11317,HSE,spa,FL,A2,149,23
11319,HSE,spa,FL,A2,412,8
11321,HSE,spa,FL,A2,141,12
11322,HSE,spa,FL,A2,150,16
11333,,tur,FL,B1,240,31
11334,,tur,FL,B1,208,30
11339,,eng,FL,A2,164,17
11352,,ara,FL,B1,193,23
11360,,eng,FL,B1,333,23
11361,,eng,FL,B1,178,17
11369,,ben,FL,A2,95,9
11370,,chi,FL,A2,84,3
11371,,chi,FL,A2,79,11
11393,HSE,kaz,HL,IH,201,12
11395,HSE,kaz,HL,IM,213,15
11396,HSE,kaz,HL,IH,196,14
11398,HSE,kaz,HL,IH,183,11
11403,HSE,kaz,HL,IH,191,11
11416,HSE,spa,FL,A1,91,13
11417,HSE,spa,FL,A1,180,36
11420,HSE,eng,FL,A1,138,10
11421,HSE,eng,FL,A1,65,8
11422,HSE,eng,FL,A1,130,14
11423,HSE,eng,FL,A1,157,16
11424,HSE,eng,FL,A1,269,12
11454,HSE,tur,FL,A2,1679,130
11455,HSE,tur,FL,A2,373,32
11462,HSE,chi,FL,A1,118,10
11465,HSE,chi,FL,A1,125,9
11468,HSE,chi,FL,A1,186,12
11469,HSE,chi,FL,A1,115,14
11499,HSE,ara,FL,A1,176,14
11502,HSE,ara,FL,A1,156,17
11504,HSE,ara,FL,A1,158,15
11505,HSE,ara,FL,A1,155,16
11509,HSE,tur,FL,A2,276,21
11510,HSE,tur,FL,A2,148,15
11522,HSE,tur,FL,A2,56,5
11525,HSE,spa,FL,B2,291,15
11530,HSE,bul,FL,A2,318,32
11556,HSE,eng,FL,B2,218,19
11558,HSE,tur,FL,A2,61,4
11560,HSE,eng,FL,B2,175,11
11561,HSE,tur,FL,B2,232,13
11563,HSE,tur,FL,B2,129,5
11583,HSE,eng,FL,B2,355,24
11584,HSE,eng,FL,B2,234,20
11597,HSE,ara,FL,A2,146,17
11599,HSE,mon,FL,A2,244,29
11602,HSE,kur,FL,A1,134,6
11608,HSE,gre,FL,B2,278,13
11610,HSE,urd,FL,A2,613,38
11611,HSE,urd,FL,A2,172,10
11614,HSE,ser,FL,B1,199,16
11627,HSE,kaz,FL,B1,211,16
11641,HSE,kaz,HL,IM,197,12
11642,HSE,kaz,HL,IM,167,13
11643,HSE,kaz,HL,IM,140,13
11654,HSE,kaz,HL,IM,113,12
11668,HSE,kaz,HL,IH,127,9
11670,HSE,kaz,HL,IM,151,10
11818,HSE,chi,FL,B1,297,13
11821,HSE,chi,FL,B1,292,6
11889,HSE,kaz,HL,IM,513,32
11909,SFEDU,eng,FL,B1,133,6
11912,SFEDU,eng,FL,A1,203,16
11913,SFEDU,eng,FL,B1,91,6
11914,SFEDU,ara,FL,B1,117,1
11929,SFEDU,chi,FL,C1,175,14
12222,SFEDU,ara,FL,A2,242,7
12229,SFEDU,turkmen,FL,B1,126,7
12243,SFEDU,fr,FL,B2,444,14
12244,SFEDU,chi,FL,A2,334,18
12246,SFEDU,chi,FL,A2,215,13
12247,SFEDU,ara,FL,B1,144,5
12252,SFEDU,chi,FL,A2,40,2
12257,SFEDU,chi,FL,A2,53,8
12274,SFEDU,ara,FL,A2,34,3
12295,SFEDU,ara,FL,A2,141,13
12304,SFEDU,chi,FL,B1,252,22
12309,SFEDU,chi,FL,B2,137,12
12312,SFEDU,chi,FL,B1,80,7
12315,SFEDU,chi,FL,B1,211,18
12319,SFEDU,chi,FL,A2,106,9
12352,SFEDU,eng,FL,B1,181,14
